,names,pvals_adj,logfoldchanges
0,MT-CO2,5.186665920002915e-14,0.37459636
1341,AC145207.3,2.7404585097831834e-13,-1.1488733
1340,P4HB,8.400206101437972e-12,-1.5742286
1335,SND1,4.648729634204819e-09,-1.280745
1336,SEC61A1,4.648729634204819e-09,-1.5168152
1337,TRAM1,4.648729634204819e-09,-1.3266444
1338,CANX,4.648729634204819e-09,-1.3236859
1339,OS9,4.648729634204819e-09,-1.3228979
1334,DDOST,1.7044464032384984e-08,-1.3852441
1332,HSPA5,1.706405683797053e-08,-1.3893857
1333,TMED7,1.706405683797053e-08,-1.2733494
1331,CD24,3.022038358283429e-08,-1.5615755
1330,P4HA2,3.829557793443119e-08,-1.4245143
1329,TIMM23,8.460480355948711e-08,-1.164437
1,NDUFA13,1.1271227684335929e-07,0.60442454
1328,AC025165.2,1.2207265951086507e-07,-1.0079788
1327,ATP6V1C2,1.2988136258418058e-07,-0.9740863
1326,TMED3,2.3687039163735298e-07,-1.353964
2,MT-RNR1,2.5406815688837443e-07,0.40266955
1325,DAP,3.879709913728777e-07,-1.3494653
1324,SPCS3,6.258588266520021e-07,-1.115052
3,MT-ND6,6.829750121452529e-07,0.33022174
1321,COPG1,6.829750121452529e-07,-1.1992865
1322,SSR3,6.829750121452529e-07,-1.1734321
1323,PDIA6,6.829750121452529e-07,-1.1115824
1320,EIF3D,9.602472881565903e-07,-1.2556627
1319,XBP1,1.180255353017973e-06,-1.2692688
1318,FP671120.7,1.7462314233309568e-06,-0.52505326
1317,PRDX4,1.8583819111691584e-06,-1.2936504
1316,ABHD2,1.8583819111691584e-06,-1.0185372
1315,GDE1,1.9425616598054866e-06,-1.299127
1314,TMED2,2.098481215922874e-06,-1.3142455
1313,SFT2D2,2.467420944212938e-06,-1.1078104
1311,CSDE1,2.643961671384649e-06,-1.153794
1310,COPA,2.643961671384649e-06,-1.1564357
1312,RPN2,2.643961671384649e-06,-1.1543002
1309,SRPRA,2.7177151838273407e-06,-1.1117613
1308,CMPK1,2.7177151838273407e-06,-1.1508094
1307,HDLBP,2.750478575458915e-06,-1.1788075
1306,TMEM30A,2.947023482871532e-06,-1.2454677
1305,FKBP11,3.4244386053579684e-06,-1.1495259
1304,TMED10,3.6618481584257876e-06,-1.2675506
1303,TMED9,3.905618051198193e-06,-1.1100669
1302,FUCA2,4.589192871802976e-06,-1.1299692
1301,EIF4G1,4.613597394244038e-06,-1.0661895
1300,ITPRID2,4.69010276963106e-06,-1.2773968
1299,SEL1L,5.186913869179167e-06,-1.107389
1298,UBE2J1,5.304511754762474e-06,-1.1004529
1297,CKAP4,6.029744477434998e-06,-1.1146104
1296,LSR,6.406889375435969e-06,-0.9076708
1295,TM9SF2,7.394111643770995e-06,-1.1456485
1294,PRRC1,7.892992839376937e-06,-1.0858766
1293,ST7,1.3977688964944137e-05,-1.1339201
1292,BNIP3,1.3996598101793547e-05,-1.1592228
1291,CCT8,1.5122982836124342e-05,-1.1640811
1290,ALKBH5,1.5311807149574598e-05,-1.1037525
1289,PSMD13,1.588778985439164e-05,-1.2030625
1288,WARS,1.8697332489373714e-05,-1.21155
1287,UCHL3,1.9130579583041592e-05,-0.95750624
1286,KRT8,1.9694714525840833e-05,-1.1139538
1285,EIF3G,1.970398993316878e-05,-0.9932993
1284,HYOU1,1.9842567150884823e-05,-0.9316712
1283,SRP54,2.1852664038646993e-05,-1.0147674
1282,PABPC4,2.1852664038646993e-05,-1.1265424
1281,KDELR2,2.24784844145792e-05,-1.1670063
1280,IARS,2.286901892544183e-05,-1.0905458
1279,NUDT9,2.6766021863838184e-05,-1.1361154
1278,TMEM97,2.7000496816230878e-05,-1.0089719
1277,TMEM9B,2.7763572653531394e-05,-1.1937319
1276,SURF4,2.7763572653531394e-05,-1.190933
1275,ARFGAP3,2.8284031672971106e-05,-1.0724465
1274,RAB10,2.8803310219013033e-05,-1.0236176
1273,RRBP1,2.9550624714909943e-05,-0.924179
1272,SERPINB1,3.6467067424393646e-05,-1.13323
1271,DNAJB9,3.7327624134739934e-05,-1.2016736
1270,SCAMP2,3.840654474891729e-05,-1.0189596
1269,ALG5,3.842918488401097e-05,-1.100982
1268,NUCB2,4.044605166011259e-05,-1.0791129
1266,RSL1D1,4.044605166011259e-05,-1.0540222
1267,EIF2A,4.044605166011259e-05,-1.0557427
1265,PDIA4,4.1462960383342206e-05,-1.08544
1264,ERP29,4.618197223109762e-05,-1.1440897
1263,SDF2L1,4.726430369805749e-05,-0.94669855
1262,SPTLC1,4.990626141824626e-05,-1.0910426
1261,CCDC85C,5.0652268527018576e-05,-0.8908992
1260,DHRS7,5.0652268527018576e-05,-1.1107358
1259,PSME3,5.179590402675737e-05,-1.1107951
1258,EIF5A,5.2160153452570416e-05,-0.94005966
4,SERF2,6.0745400079344784e-05,0.17778414
1257,YTHDF3,6.572411811049844e-05,-1.0459465
1256,SSR2,6.74799770934334e-05,-1.1780059
1255,YIPF5,7.123331088092723e-05,-1.1203107
1254,AP2B1,8.203665525714052e-05,-1.0892614
1253,CHPF,8.608397958792932e-05,-0.85035115
5,MT-ND4,8.65665987524916e-05,0.2336095
1252,EEF2,0.0001001158927434634,-0.936322
1251,CAP1,0.0001010734511571396,-1.035747
1250,IPO5,0.00010776851132203407,-1.0399289
6,RPL23A,0.0001177564768685934,0.15906452
1249,STARD7,0.00011843574986451347,-1.0281652
1248,CCNK,0.00011943072322369094,-0.8507348
1247,CHP1,0.00011943072322369094,-0.9166157
1246,SRP72,0.00011943072322369094,-1.0217168
1245,GOLGA8B,0.0001231642371239535,-0.9271455
1244,MORN2,0.00012868033413322065,-0.99901617
1243,SORT1,0.0001290665752845316,-1.0850282
1242,ATG3,0.00012979688099772985,-1.0475421
1241,RPL4P4,0.00013281097356448426,-0.52658635
1240,SSR1,0.00013397711494538177,-1.142517
1239,PDIA3P1,0.00013397711494538177,-0.5122066
1238,PPM1G,0.00013397711494538177,-1.0015316
1237,HM13,0.00013796608576037263,-1.0218184
1236,ARL1,0.00014914656107017368,-1.0571036
1235,G3BP2,0.00015612948124747264,-0.89196455
1234,PPP1CC,0.00016225142926264545,-1.0711284
1233,DNAJC10,0.00016640775633698141,-1.0088131
1232,PACSIN2,0.00017622936680718664,-0.98868215
1229,TPD52,0.0001791166223532463,-0.9617534
1231,ASPH,0.0001791166223532463,-1.0753092
1230,SRPRB,0.0001791166223532463,-0.96783113
1228,DNAJC3,0.0001931942941420898,-0.9007544
1227,UBE2I,0.00019567609457784644,-0.922624
1226,MARS,0.00019567609457784644,-0.8646234
1225,PLOD2,0.00020340973076649434,-0.9917841
1224,FAM3B,0.00020340973076649434,-1.0008694
1223,RPN1,0.00020340973076649434,-0.83209276
1222,OAT,0.00020340973076649434,-1.1161836
1221,SLC25A39,0.00020340973076649434,-0.9805937
1220,ACTR3,0.0002122642340991279,-1.0230526
1219,AFF1,0.00021697187607662717,-0.8494988
1218,PTBP1,0.00022076973871182543,-0.87584805
1217,LMAN1,0.00022076973871182543,-0.9949372
1216,TSPAN13,0.00022252452442861565,-1.0233446
1215,DDX39B,0.00022878115019301767,-0.84317243
1214,GORASP2,0.00022962603570085894,-1.1042185
1213,GCSH,0.00023197453188103374,-0.9941734
1212,PSMD4,0.00023197453188103374,-0.96155155
1211,MAPRE2,0.00023359995937998965,-0.95847154
1210,PAFAH1B2,0.00024216204424739327,-0.8581996
1209,NOMO1,0.0002441977978656186,-0.88934755
1208,GMFB,0.0002441977978656186,-1.0428758
1207,CALR,0.00024485424158533564,-0.71040535
1206,UBA5,0.0002489535861181456,-0.9910525
1205,VAT1,0.0002555618282768709,-1.0002934
1204,TKT,0.0002676262454377485,-0.97462374
1203,ARFGEF2,0.00026918214678626714,-0.94348943
1202,RER1,0.0002795748027922356,-0.8967993
1200,GPAT4,0.0002886009284562704,-1.0876958
1201,PLTP,0.0002886009284562704,-0.7737498
1199,ARCN1,0.00030013199270383735,-0.9918191
1198,PLBD2,0.0003212132642165891,-0.8891943
7,FOSB,0.00032308176556122717,0.80453163
1197,AZIN1,0.00033453806301019163,-1.0109419
1196,DNAJB11,0.00033568373085873505,-0.9500619
1195,RAB1B,0.00034020642811376836,-0.7721766
1194,ZC3H14,0.0003542832979862708,-0.9556006
1193,MAGT1,0.0003669581951325115,-0.9709022
1192,GDI1,0.00036957468267900036,-0.7553373
1191,PLLP,0.000376587435869653,-1.022475
1189,RDH11,0.0003774886883007582,-0.9269231
1190,FAM104A,0.0003774886883007582,-0.99099857
1188,TUBA1C,0.00037894773873435865,-0.79227304
1187,HEXB,0.00037894773873435865,-0.96096766
1186,ERLEC1,0.00037894773873435865,-0.8802343
1185,RNF10,0.0003801988076886651,-0.9069561
1184,FNDC3B,0.0003875522825585172,-0.9034464
8,MYL6,0.0003950514561971058,0.13073593
1183,SLC25A36,0.0003950514561971058,-0.9048171
1182,RAB11A,0.00040459907881919136,-0.88489735
1181,CAPRIN1,0.00041546992014919606,-0.91378963
9,RPS15,0.00041546992014919606,0.27856177
1179,GSPT1,0.00041546992014919606,-0.8798568
1178,COPS7A,0.00041546992014919606,-1.0169214
1180,PSMD6,0.00041546992014919606,-1.0672132
1177,EIF3L,0.00042005647900359507,-1.0459896
1176,MRPS15,0.0004222555877755111,-0.91657645
10,SRP14,0.00042420356108194084,-0.06255263
1174,RFK,0.00042420356108194084,-0.9590446
1175,UBE2G1,0.00042420356108194084,-1.0420396
1173,OSTC,0.00042428976273247327,-1.0289949
1172,CCNC,0.0004252058432634966,-0.8881765
1168,DR1,0.00042872379656305824,-0.9278326
1169,GALNT2,0.00042872379656305824,-0.9112354
1167,CDH1,0.00042872379656305824,-0.9511828
1170,ERGIC3,0.00042872379656305824,-1.021205
1171,CHMP2B,0.00042872379656305824,-0.91252774
1166,HNRNPK,0.00042872379656305824,-0.85286593
1165,FAM3C,0.0004351281475913824,-0.9849488
11,MT-CO3,0.0004435432362165189,0.18691064
1164,TNFRSF21,0.00044716921661895045,-0.91709906
1163,ALG2,0.0004499713634614904,-0.9885212
1162,CAND1,0.0004824505351101185,-0.95056134
1159,GOLPH3,0.0004885929425648657,-0.9400045
1161,GNS,0.0004885929425648657,-0.94162333
1160,EPRS,0.0004885929425648657,-0.9702551
1158,GNL3,0.0004909923011473452,-0.86454093
12,UBB,0.0004958498803595895,0.15323822
1157,NDFIP2,0.0004969625767490104,-0.98535925
1156,PHB,0.0005156142705393171,-0.95771354
1154,FOXO1,0.0005159329648063533,-0.98335147
1155,BRMS1,0.0005159329648063533,-0.98628503
1153,DAG1,0.0005234779938206948,-0.85527354
1152,AC010970.1,0.000536626869566292,-0.6338374
1151,NRBP1,0.0005381493762451711,-0.9583933
1150,FBXO21,0.0005553534915251952,-0.88500077
1149,UBL3,0.0005553534915251952,-0.9229348
1148,RBM17,0.0005633604462122513,-0.8469218
1147,EMC7,0.0005633604462122513,-0.9529475
1146,CBLL1,0.0005683167657426734,-0.96802443
1145,TMEM214,0.0005771299571884951,-1.0032223
1144,HNRNPR,0.0005843340924436187,-0.9915159
1143,MCFD2,0.0005845130543629751,-0.9427017
1142,MYDGF,0.0005970586110046992,-1.0041412
1141,PRSS2,0.0006130372684028867,-1.4969424
1140,SEC23B,0.000631012901825922,-0.9932649
1139,TGOLN2,0.0006469631422794976,-0.8821804
1138,HSPA13,0.0006670504261345116,-0.99595296
1137,IKZF5,0.0006700365299235014,-0.9857948
1136,AC015802.6,0.0006726275083870562,-0.7867689
1135,MYO1D,0.000676190150770618,-0.9574873
1134,HARS,0.0006769242286068853,-0.9909107
1133,IMP4,0.0006773548900607906,-0.89287794
1131,C6orf89,0.0006820752818044531,-0.94018537
1132,POM121,0.0006820752818044531,-0.69513535
1129,COBLL1,0.00069289642457301,-0.93272436
1130,SARS,0.00069289642457301,-0.9895982
1128,ATF6,0.0007060379549827072,-0.9346986
13,AC093484.3,0.000726394898580686,0.17567897
1127,CDK5RAP3,0.0007402753747963305,-0.7228219
1126,CDC42SE2,0.0008125223158398728,-0.87969893
1125,ADRM1,0.0008497440463740278,-0.81136394
1124,MPDU1,0.0008657538808962105,-0.89465433
1123,UQCRC1,0.0008679055320342695,-0.94950855
1121,EIF4EBP1,0.0008763039288134816,-0.83365566
1120,SDF4,0.0008763039288134816,-0.76397026
1119,CTBP1,0.0008763039288134816,-0.605902
1122,ACTR1A,0.0008763039288134816,-0.93295395
1118,MBNL2,0.0008816685215198797,-0.840666
14,CYSTM1,0.0009489623869091284,0.06352788
1117,MTCH1,0.0009671414698012185,-0.97054166
1116,UAP1,0.0009805456485280015,-0.9684536
1115,PVR,0.0009837298991929972,-0.9216937
1114,GANAB,0.0009837298991929972,-0.8408617
1113,AC009630.3,0.0009837298991929972,-0.9584366
1112,ENSA,0.0009899600066479752,-0.7625164
1111,GPR108,0.0009919855663466863,-0.92712736
1110,LRP10,0.0010118079017684542,-0.84035075
1109,CASC4,0.0010204268150593124,-0.9009109
1108,COPS8,0.0010621314879973043,-0.9624697
1107,DANCR,0.0010823298482921984,-0.8627504
1106,TFRC,0.0011145099475916027,-0.9269158
1105,MTMR2,0.0011145099475916027,-1.1512123
1104,GOLT1B,0.001119591739853855,-0.8988848
1103,ANAPC5,0.0011379373065110792,-0.9355383
1101,CDK6,0.0011381656767327055,-1.008009
1102,PAPOLA,0.0011381656767327055,-0.8414115
1100,ERP44,0.0011521139796244497,-0.95096856
1097,ELOA,0.0011688960601317108,-0.9364893
1098,SF3B2,0.0011688960601317108,-0.83657515
1099,BTBD1,0.0011688960601317108,-1.0325704
1096,WLS,0.0011886413430929168,-0.99707234
1095,PRKCSH,0.0011958067350551663,-0.6903136
1094,PLOD3,0.0012298665609053506,-0.9388369
1093,RAB2A,0.0012315157976005746,-0.94695926
1092,SELENOT,0.0012328111828884786,-1.0169733
1091,VCP,0.0012412228716788063,-0.83267295
1090,ACIN1,0.0012442480717305654,-0.724888
1089,HSF1,0.0012450403971514619,-0.74050236
1088,BLMH,0.0012493097439510489,-1.1595734
1087,SEPTIN2,0.0012493097439510489,-0.7627974
1086,INSIG1,0.0012558192404170392,-0.98216337
1084,ELF1,0.0012618743279164495,-0.91611093
1083,ECI2,0.0012618743279164495,-0.9488524
1085,RAB14,0.0012618743279164495,-0.8308441
1082,MIA3,0.001307057620432931,-0.8457916
1081,BRD3OS,0.0013176803587534752,-0.9899655
1080,BUD23,0.0013190531160767733,-0.78628135
1079,TBC1D9,0.0013285992007587143,-0.96876115
1078,AKIRIN1,0.0013336125470626138,-0.92665356
1077,PSMC5,0.0013465154610606438,-0.91961473
1076,HGS,0.0013714226791270944,-0.8235222
1075,EIF3A,0.0014152998109574052,-0.8763943
1074,TMX1,0.0014167333443208235,-0.87912744
1073,NSFL1C,0.0014167333443208235,-0.840026
1072,HADHB,0.0014464948917151561,-0.9164572
1071,PNRC2,0.0014464948917151561,-0.86945605
1070,TMEM106B,0.0014529123967683163,-0.9219006
1068,METTL9,0.0014700035598571874,-0.91874933
1069,ARF3,0.0014700035598571874,-0.7456709
1067,GARS,0.0014700035598571874,-0.92020726
1066,PITRM1,0.001496971932122823,-0.84875655
1065,TMEM30B,0.001496971932122823,-0.9515997
15,MT-ND5,0.001500587611850116,0.1776145
1064,ECHDC1,0.001500587611850116,-1.0370724
1063,NOMO2,0.0015372643006253451,-1.0315611
1062,ATRN,0.0015629094307539858,-1.0621879
1061,NRDC,0.001598913274575276,-0.85039103
16,UBL5,0.0016058968448496701,0.1751812
1060,HEATR1,0.0016104129525452968,-0.8623051
1059,CYB561,0.0016104129525452968,-0.8841738
1058,CTNNB1,0.0016541765617452164,-0.7965088
1057,EDEM3,0.0016541765617452164,-0.8675614
17,MT-CO1,0.0016541765617452164,0.26838169
1056,GPAA1,0.0017019571787345754,-0.8190837
1054,VDAC1,0.0017019571787345754,-1.0307217
1055,SLC35A4,0.0017019571787345754,-0.94262844
1053,TIMM17A,0.0017132963964846756,-0.8719467
1052,DDX1,0.0017132963964846756,-0.79356045
1051,HERPUD1,0.0017527199351017066,-1.0563146
1050,EIF4EBP2,0.001754085828589822,-0.8492207
1049,FAM174B,0.001754085828589822,-0.88014466
1048,SEC63,0.0017663501919365438,-0.825184
1047,FAM102A,0.0017868555242487496,-0.8826246
1046,CCDC32,0.0017928601108792217,-1.0313668
1045,TFG,0.0017928601108792217,-0.9860241
1044,CLN5,0.0018118302459968082,-0.8626552
1043,CCDC6,0.0018275049185698207,-0.79566354
1042,EBP,0.0019065758115839194,-0.7750588
1041,CERS4,0.0019065758115839194,-0.9665149
1040,TM9SF4,0.0019065758115839194,-0.8577725
1039,EPAS1,0.0019065758115839194,-0.82657987
1038,GAPDHP1,0.0019065758115839194,-0.59645647
1036,PGAM1,0.0019065758115839194,-0.96748096
1037,SLC20A2,0.0019065758115839194,-0.8382994
18,FXYD2,0.0019065758115839194,0.5972602
1035,NMD3,0.0019110691091423228,-0.9469793
1033,CNOT8,0.0019441965916591544,-1.0578883
1034,GATM,0.0019441965916591544,-1.2459743
1032,HSP90B1,0.0019651506986711033,-0.8597898
1030,TNFAIP1,0.001975411406562384,-0.9182432
1031,SMG7,0.001975411406562384,-0.905407
1029,DAP3,0.001986531753574998,-0.81130046
1028,AP3D1,0.0020141440113991644,-0.72736216
1027,IGFBP2,0.0020281626756925757,-1.0252322
1026,SNHG16,0.002033361583137181,-0.82889533
19,RPL21,0.0020779325296844194,0.026467096
1024,CNPY3,0.0020822710709497943,-0.83270353
1025,LAPTM4A,0.0020822710709497943,-1.1173726
1023,MRPL3,0.0020863813097242163,-0.8950288
1022,RSL24D1,0.0020863813097242163,-0.8357281
1021,MAGED1,0.002099141704671491,-0.88199717
1020,ZNF687,0.0021119901765604067,-0.8307175
1019,SUCO,0.0021138201571889413,-0.8369244
20,HLA-H,0.0021435597442748537,0.47892413
1018,PARVA,0.0021673960525967675,-0.86962646
1017,SLC33A1,0.002170577244599887,-1.0110267
1014,SMS,0.0021764485838809654,-0.8321486
1015,ABHD12,0.0021764485838809654,-0.8263748
1016,CYFIP1,0.0021764485838809654,-0.78680265
1013,CCNG1,0.0021936806684886008,-0.9038338
1012,ODC1,0.0022155518222065082,-0.8932015
1011,CRAT,0.002231807880689434,-0.93576217
1010,SYNCRIP,0.0022390820432350283,-0.7737387
21,PFN1,0.002256685053773399,0.07871496
1009,CMAS,0.002256685053773399,-0.9077722
1008,MGAT1,0.0023258762140017674,-0.780694
1007,ARPC1A,0.0023853376367396375,-0.77298385
1006,NARS,0.002400912962171243,-0.8222195
1004,RAB6A,0.002400912962171243,-0.868147
1005,TOB1,0.002400912962171243,-0.7917905
1003,UFM1,0.002445947782001641,-0.83838785
1002,SRP68,0.002449060758906819,-0.88226855
22,MT-ND1,0.0024553489325934885,0.17071249
1001,RANBP3,0.0024553489325934885,-0.8568153
1000,C1GALT1C1,0.002456758556290209,-0.9547016
999,SUPT5H,0.002456758556290209,-0.73073715
998,PPA1,0.0024735113823325387,-0.98807585
997,HUWE1,0.0024735113823325387,-0.7908943
996,TPP1,0.0025062541815503185,-0.9040901
995,GPBP1L1,0.0025062541815503185,-0.8031042
993,ARHGAP5,0.0025104148441514834,-0.82610923
994,PTPN1,0.0025104148441514834,-0.83748746
992,PDLIM5,0.0025163196997284986,-0.7891234
991,HNRNPH2,0.002518267488807374,-0.9513016
990,NCSTN,0.00255561183192509,-0.8906968
989,PCNX4,0.0025838283522308303,-0.68183583
988,INTS10,0.0025858686648548993,-0.87255013
987,VPS4A,0.002644215059247847,-0.77576804
986,BMS1,0.002651263469211119,-0.9797489
985,PSMD14,0.0026556802676347435,-0.86885315
984,GRSF1,0.002673874747419939,-0.8355559
982,CDC42EP4,0.0027047609577533337,-0.84088314
981,ABALON,0.0027047609577533337,-0.6998266
983,BCL2L1,0.0027047609577533337,-0.7844337
980,STAU1,0.0027569689227069883,-0.8050976
979,IFNAR1,0.0027569689227069883,-0.86515546
978,TMCO3,0.002772335539732693,-0.84849024
977,PLP2,0.0027734912122040095,-0.89771426
976,POLDIP2,0.0027734912122040095,-0.78392625
23,MT-CYB,0.0028286794579374798,0.17378044
975,GDI2,0.0028624185185693756,-0.816047
974,RNF187,0.0028624185185693756,-0.8551041
973,HTATIP2,0.002931388204688941,-0.9956087
972,YME1L1,0.002943237217655356,-0.61359084
24,MIF,0.002943237217655356,0.46215874
971,PPP1CA,0.0029677217665151734,-0.7816213
970,RBM47,0.003029640536024288,-0.80834687
969,ACO2,0.0030954231722202788,-0.76792705
968,POLR1D,0.003103036996173501,-0.8883808
967,TBC1D8,0.003104073859538648,-0.9013042
966,PRNP,0.003227597197671492,-0.81451744
965,RPL6P27,0.0032497821489570456,-0.39300084
964,AC010642.2,0.0032582706002377195,-0.6671194
963,SERP1,0.0032612576767177062,-0.79466873
962,PERP,0.0032827790829165686,-0.80919063
961,HEXA,0.003289539316143131,-0.80884874
960,SERBP1,0.0034331012743764222,-0.7720825
959,GOSR2,0.0034332145855770738,-0.90717566
25,UQCR11,0.0034332145855770738,0.19230549
958,AC125611.3,0.0034349948061666398,-0.79175055
957,EXOSC10,0.0034508692397085326,-0.858437
956,PSMC1,0.0035443088642403467,-0.7859537
955,MTHFD1,0.0035596833248459376,-1.1645179
953,MMADHC,0.0036548013524108185,-0.86575264
954,LARS,0.0036548013524108185,-0.7914346
952,ST13,0.003732482846434721,-0.80650586
951,PXN-AS1,0.0037513114049297076,-0.7505184
950,AC010226.1,0.003775004909499318,-0.6415076
949,EIF3M,0.003813773293906073,-0.80522615
948,HID1,0.003813773293906073,-0.76412284
947,EIF4B,0.003835738345401006,-0.76901555
946,SGTA,0.0038664851607500416,-0.79319745
945,SMIM12,0.003908394014381722,-0.8346829
944,NANS,0.003910094288890852,-0.90383905
943,TUBB2A,0.003975734202947936,-0.7853104
941,MKNK2,0.003978460656710101,-0.7059488
942,KRT18,0.003978460656710101,-0.9130248
940,SLC25A22,0.003978460656710101,-0.7268723
939,LMAN2,0.003978460656710101,-0.8419342
938,VOPP1,0.003997004044553031,-0.8179159
937,SRPK1,0.004005574761056052,-0.8247714
936,ARL2BP,0.004037199445850627,-0.91337276
935,MYO1C,0.004064539666358013,-0.87084526
934,RNF11,0.00408011492973344,-0.7734736
933,PLPPR2,0.004095763709962107,-0.78910303
932,DHX9,0.004111486294869978,-0.8159916
931,TRIM27,0.0041956057342162085,-0.8965789
930,IMPDH2,0.004235202848584809,-0.83583724
929,NORAD,0.004330134640289861,-0.70225215
928,PLPBP,0.0044438543721216925,-0.8872691
927,ICA1,0.0044438543721216925,-0.788133
926,RBM3,0.0044438543721216925,-0.910689
925,HPRT1,0.004475793775037598,-0.8493676
924,AP5M1,0.0044867918895438825,-0.95776606
922,AP000769.2,0.004495833985965671,-0.8135898
923,BCLAF1,0.004495833985965671,-0.7358338
921,ASCC2,0.004498212434959195,-0.8809272
920,CTBS,0.004502481852019759,-0.80876356
919,B4GALT4,0.004605696297511639,-1.1031389
918,MVP,0.004627962963657645,-0.80702853
917,NF2,0.004636238521615992,-0.83016175
915,SLC40A1,0.0047045572907004375,-0.906945
916,MLEC,0.0047045572907004375,-0.7566073
912,AKR7A2,0.0047457169742225755,-0.8045097
913,SLC31A1,0.0047457169742225755,-1.000055
914,AVL9,0.0047457169742225755,-0.81726277
911,KARS,0.004762174749010888,-0.7767395
910,AMD1,0.004772781203280844,-0.8146423
907,KRT8P3,0.004773187124597829,-0.5543984
908,GTF3A,0.004773187124597829,-0.8408522
909,MAP7,0.004773187124597829,-0.7371465
906,RABEP1,0.0048229219092850864,-0.7508833
904,SLC35B1,0.004833967416350801,-0.8634352
905,NIPA2,0.004833967416350801,-0.85126334
903,ALDH9A1,0.004838863359060164,-0.88160497
902,FDX1,0.004855793645978963,-0.79462826
26,NDUFA1,0.004905738305685144,0.12735775
901,MTHFD2,0.0049466554700666725,-1.1602291
900,GPHN,0.004949346778191138,-0.9181525
899,SLC7A1,0.004949346778191138,-0.7505904
898,KDM5B,0.004952424556858926,-0.8243554
897,PRMT1,0.0049752966180887604,-0.7354733
896,CHRAC1,0.004993485027130552,-0.81438494
895,PSMC2,0.005081665393599628,-0.89622664
894,SCPEP1,0.005084890817503536,-0.8920893
893,ATIC,0.005086744129973088,-1.0018512
27,RPS27,0.005163055737194695,0.17554379
892,RAB5C,0.0051706307521532675,-0.668269
891,DIRAS3,0.0052661272306576395,-0.95325416
890,ARFIP2,0.005271712467557477,-0.7888267
889,EIF4H,0.005298148077666373,-0.85660315
888,POP7,0.005298148077666373,-0.77285343
887,FBXW11,0.005350406702862919,-0.7513227
886,TXNL1,0.005502009066605792,-0.7870848
885,ELAVL1,0.005502009066605792,-0.7263825
884,OGDH,0.005588082497695207,-0.775206
883,CCT7,0.0056177765487480024,-0.94133854
882,YWHAH,0.005619257911707623,-0.8862764
28,RPS8,0.005639156140930814,0.07471354
881,DNASE1,0.005711736502254457,-0.67323345
880,CLDN12,0.005731974942855889,-0.8588626
879,AUP1,0.005768742044110806,-0.7805403
878,CISD2,0.005768788876422124,-0.75155663
877,NCL,0.005850929733279879,-0.80428827
876,PXN,0.005907670857035204,-0.73480064
875,CXXC5,0.005940722507394448,-0.70703685
874,MBD6,0.005963937108044946,-0.8063074
873,CBR1,0.005963937108044946,-0.8592121
872,SLC30A5,0.005963937108044946,-0.83403367
871,PRRC2A,0.005963937108044946,-0.64880395
870,CTRL,0.005998188979347932,-1.4102455
869,ABHD13,0.006075269978104349,-0.8755375
868,TM2D2,0.006114287986713264,-0.9667792
867,PDCD4,0.00612477951955022,-0.63926786
866,GLRX3,0.00612477951955022,-0.8150511
865,PSMD12,0.006142513364088799,-0.78595
864,IMP3,0.006158649014178171,-0.79630864
863,CNIH1,0.006172340342476103,-0.8282746
862,YKT6,0.006222129174751168,-0.72379166
861,CCT2,0.0062309375877024524,-0.8129057
860,NDFIP1,0.006284594616081464,-0.7703794
858,KDELR1,0.006459730071864462,-0.82467854
859,ITSN2,0.006459730071864462,-0.7849106
856,CHID1,0.006459730071864462,-0.8020294
855,MBNL1,0.006459730071864462,-0.7174862
857,MANF,0.006459730071864462,-0.7944525
854,HSPA4,0.006534654280694155,-0.8142045
853,DCXR,0.00673602324178156,-0.66782683
852,EIF4E2,0.006848828824136231,-0.7977152
851,AGA,0.006860478834825751,-0.98402756
850,UGDH,0.006911006882846172,-0.8123033
849,UBE2A,0.006931157801423821,-0.74593234
848,EZR,0.006978464400226203,-0.7628865
847,M6PR,0.006994149441406274,-0.7875989
846,SPRYD3,0.006994686986257662,-0.74967456
845,ITGA6,0.006994686986257662,-1.378532
844,EPB41L5,0.0070869363918755705,-0.8184862
843,NAA50,0.0071143483988963495,-0.8197714
841,ATG13,0.007227286351436643,-0.76953745
842,GYG1,0.007227286351436643,-0.88947356
840,SLC1A4,0.00730878014580046,-1.1197897
839,TOR3A,0.007375311858960035,-1.0272015
838,TMEM183A,0.007375311858960035,-0.7506044
837,LGMN,0.007404845393012058,-0.82751226
836,OAZ2,0.007404845393012058,-0.7986622
835,RPLP0P6,0.007418696233395826,-0.3769394
834,SPG21,0.007533411311539794,-0.82038164
833,THUMPD3,0.007533411311539794,-0.77690184
831,RBMX,0.007535576256041897,-0.8231841
832,TXNRD1,0.007535576256041897,-0.8176102
830,VPS25,0.007571390539292489,-0.77846074
828,SAT2,0.007571390539292489,-0.671503
827,GHITM,0.007571390539292489,-0.8574532
829,DMKN,0.007571390539292489,-0.63397115
826,FKBP4,0.0077739271008007175,-0.8377135
825,HERC1,0.0077739271008007175,-0.7714506
824,HADHA,0.007792790441681937,-0.8980299
823,CNTD1,0.0077951272386606926,-0.64647824
822,USP10,0.007797488717727789,-0.80236465
821,PIM3,0.007804358579976667,-0.71622586
820,MRPL15,0.007804358579976667,-0.89238924
819,GLUD1,0.007821323456223021,-0.77970535
818,SPPL2A,0.007909417248733137,-0.79822963
817,STX1A,0.00798573435356588,-0.76520455
816,CDC5L,0.008027562908817228,-0.751808
815,EBLN3P,0.008082456338778223,-0.84025437
29,HSP90AA1,0.008172275138788014,0.08679884
814,SBDSP1,0.008256994865232287,-0.6844945
813,ATP6V1B2,0.008256994865232287,-0.82667464
812,TNPO1,0.008272837580649367,-0.79208004
811,TMEM14A,0.008290410941077317,-0.7404429
810,ATP6V1A,0.008290410941077317,-0.78513163
809,FLNB,0.008304377073161777,-0.75239
808,PFKM,0.008304377073161777,-0.85632837
807,DCTD,0.008304377073161777,-0.8090382
806,COQ8A,0.00837669728186934,-0.8975525
805,SRM,0.008397342758935304,-0.9609087
804,TUBB,0.008414722787895276,-0.8682093
803,EMG1,0.008467850345406707,-0.7352323
798,UBAC2,0.008506267837238464,-0.91789365
797,CLPTM1L,0.008506267837238464,-0.76087403
796,ACTR2,0.008506267837238464,-0.69970596
800,PSMD2,0.008506267837238464,-0.8339994
799,FBXL5,0.008506267837238464,-0.7694515
802,DIDO1,0.008506267837238464,-0.88477004
801,TM7SF3,0.008506267837238464,-0.8458444
30,COX6A1,0.008509307016343084,0.043035056
795,PHB2,0.008509307016343084,-0.6838373
794,NEU1,0.0085440178518411,-0.80655164
31,HSPA1A,0.008567584517430019,0.629614
793,IFT20,0.008592363541471103,-0.74434954
792,CYB5B,0.00859909167976435,-0.8081797
791,CCPG1,0.008608096092020194,-0.60001135
790,CPA1,0.008608096092020194,-1.6066184
789,AL136295.17,0.008611502296775118,-0.685344
788,C7orf50,0.008653570128518109,-0.6450808
786,MICU2,0.008738334482227982,-0.7362543
787,PSMC4,0.008738334482227982,-0.75470734
785,SLC41A3,0.008738423254150366,-0.9964016
784,ARPP19,0.00876845473070562,-0.7883348
783,HSD17B4,0.008791822179974892,-0.84449923
782,C12orf73,0.008791822179974892,-0.48629424
781,TAF9,0.008845488971819717,-0.8339883
780,AP3M1,0.008845488971819717,-1.0424623
32,PPIA,0.00888062355716091,0.07262803
779,NDUFV1,0.008899538440672736,-0.70216376
778,PDIA3,0.009046944967891128,-0.72619784
777,MAP4,0.009063844740997024,-0.71019363
776,MFSD1,0.00910224227261423,-0.84994173
775,AL662797.1,0.009145600717208168,-0.6950733
774,HEBP1,0.009163931831255816,-0.8243443
773,TMEM184C,0.009200370389113964,-1.0806652
771,MAPK14,0.009210812379108257,-0.92309445
772,BTG2,0.009210812379108257,-0.8687071
770,DPAGT1,0.009216071787207323,-0.9388772
769,ARL8B,0.00927095808041685,-0.78474814
768,AHCY,0.00930423822302957,-0.81964177
767,GCN1,0.009352309149458797,-0.8111458
766,SEPHS2,0.009440017133204553,-0.8042849
765,UBE2D4,0.009501173809185925,-0.7889006
764,WSB2,0.00956021987476237,-0.67306805
763,TRAP1,0.009671210879605995,-0.73697585
762,PKIB,0.009700870005565718,-1.0525466
761,SMARCB1,0.00970909255020364,-0.67193425
760,SIGMAR1,0.009719878038187328,-0.856093
759,DRG1,0.009740847577772094,-0.78156275
758,TPMT,0.009875699836639617,-0.819531
757,NONO,0.009888001134236364,-0.6895833
756,DAPK1,0.00995460138656922,-0.76122504
755,TMEM184B,0.009972222398468032,-0.7003567
754,SCFD1,0.009992492943177014,-0.7858143
753,ADGRG1,0.010018032349372609,-0.7462235
752,PARP6,0.010027557191296114,-0.7779616
751,SERPINB6,0.010027557191296114,-0.7698984
750,HNRNPF,0.010144313614682581,-0.850752
749,CEBPG,0.010144313614682581,-0.8035119
748,XPR1,0.010144313614682581,-0.72243196
747,PRSS3,0.010199427967907479,-1.1790563
746,RANBP1,0.010201736874535556,-0.6646644
744,CDC123,0.0102045924080842,-0.77811694
743,RNF13,0.0102045924080842,-0.78152007
745,MAPRE1,0.0102045924080842,-0.81348974
742,STRAP,0.0102045924080842,-0.90197814
33,RPS11,0.01025746244947141,0.14073864
741,LSM12,0.010336033778097161,-0.6166967
740,ANXA7,0.010527754903333898,-0.7845028
739,PPP6C,0.010543940715235327,-0.7303822
738,SNX9,0.0105559347237541,-0.7043208
737,DDRGK1,0.0105559347237541,-0.6673946
736,PDE4DIP,0.010636712205739505,-0.6131708
735,SF3A3,0.01068349015012052,-0.85567296
734,DYM,0.010702715158858258,-0.8625172
733,SCCPDH,0.010702715158858258,-0.8118033
732,PIGT,0.01073593696963336,-0.9018639
34,H3F3B,0.010818077669630404,0.083277196
731,CLPX,0.010971396390654156,-0.9571342
730,BCOR,0.011042416274862058,-0.7397355
729,DDHD2,0.011142572171354283,-0.8538092
728,AC009690.2,0.0112204355458374,-0.56991214
727,POR,0.0112205070102921,-0.7996972
726,GP2,0.011222170099713578,-1.6583186
725,CLPTM1,0.011222170099713578,-0.71131355
724,TMEM246,0.011264304743485852,-0.88336
723,TOR1AIP1,0.011340126455012015,-0.80489635
722,GOT2,0.011375388481283475,-0.7611049
721,SLC38A2,0.011407836950404187,-0.800908
720,MGAT4A,0.011469850997795298,-0.7763596
719,CHCHD3,0.011609510289447152,-0.7765628
718,PDX1,0.01167557302279085,-1.1264515
717,PRSS23,0.011742002230296067,-0.91735595
716,AC091045.1,0.011800042093168261,-1.0668639
715,AC009630.1,0.011800042093168261,-0.70043415
714,UBE2F,0.011908341351297808,-0.72301054
713,MTREX,0.011909435270534906,-0.7757356
712,GOLGB1,0.011909435270534906,-0.7022367
711,HYI,0.011909435270534906,-0.6689253
710,KIAA1522,0.011909435270534906,-0.8365811
709,SRSF3,0.011909435270534906,-0.75887275
708,CXADR,0.011909435270534906,-0.8199306
706,MRPS22,0.011932464470405614,-0.85988504
707,DCTPP1,0.011932464470405614,-0.84551716
705,ATP6AP2,0.011932464470405614,-0.7939774
704,AOPEP,0.012080644479526297,-0.63262314
702,CSRP1,0.012125930202935821,-0.8094492
701,SEC31A,0.012125930202935821,-0.75299156
703,IREB2,0.012125930202935821,-0.75658214
700,SNX17,0.012143693888932551,-0.72689444
699,NPTX2,0.0121933825694086,-1.0680932
698,CALU,0.0121933825694086,-0.73835003
697,HNRNPAB,0.012241779555431171,-0.68951464
696,TMEM167A,0.012241779555431171,-0.7319889
695,SMAP1,0.01241740043342848,-0.6397586
694,SLC25A1,0.012418230193160558,-0.66438496
693,SUPT7L,0.012611571051577272,-0.8542041
692,ARHGDIA,0.012611571051577272,-0.5359028
691,SIPA1L3,0.012614079567336676,-0.6914357
690,RTL8A,0.012621439782189993,-0.63992476
689,SYNJ2BP,0.012644936133845777,-0.7922148
688,OPA1,0.012652359471434232,-0.7790694
687,LPCAT3,0.01265497163129171,-0.76780117
686,IDH2,0.012702845217294988,-0.7827262
685,UCHL1,0.012804599916158784,-0.8577481
684,DPEP1,0.012835049521909137,-1.270791
683,RMC1,0.012837780681915057,-0.89930505
682,SLC38A10,0.01307124600235359,-0.65514743
681,IMPA2,0.013125668658533077,-0.9014331
680,SCARB2,0.013134709552300032,-0.77869534
679,AAGAB,0.013134709552300032,-0.8059099
678,SIL1,0.013295374133008863,-0.6800469
677,DIAPH1,0.013362600800645707,-0.6846441
676,NEK9,0.013367264728444118,-0.8045983
675,TMED5,0.013419158446936216,-0.7336299
674,BSDC1,0.013419158446936216,-0.7749348
671,ACTN1,0.013459067663445493,-0.66057396
672,ATP13A1,0.013459067663445493,-0.76898265
673,ADI1,0.013459067663445493,-0.8665209
670,CDK2AP2,0.013460492270356002,-0.6862834
667,ZNF146,0.013486933739594585,-0.8923797
668,TUSC3,0.013486933739594585,-0.83317584
669,EEF1E1,0.013486933739594585,-0.672672
666,GGCT,0.013486933739594585,-0.8052478
665,EIF4G2,0.013491902190880922,-0.65191936
664,UBAP1,0.013577480996862712,-0.7701345
661,BECN1,0.013589241208347114,-0.72186834
663,ARRDC3,0.013589241208347114,-0.6699042
662,COG1,0.013589241208347114,-0.73195547
660,NAPG,0.013632265405751649,-0.7356748
658,ATXN7L3B,0.01367550495198775,-0.74574274
659,TRIM2,0.01367550495198775,-0.71455896
657,PAM,0.01367550495198775,-0.78736705
656,LATS1,0.01367550495198775,-0.6777778
655,ILK,0.013798902813103317,-0.736289
654,CLIP1,0.013804223822373195,-0.66930175
653,BCL6,0.013855017448726038,-0.78115267
652,NUTF2,0.013987023962857205,-0.70515627
651,MANSC1,0.014155889053671931,-0.99489677
650,ADIPOR1,0.01417749424629778,-0.8624847
649,AP1G1,0.01424980873899458,-0.69168544
648,PITHD1,0.01424980873899458,-0.74207276
647,CDCP1,0.01424980873899458,-0.7206625
646,JADE1,0.01429531273577495,-0.751449
645,MBTPS1,0.01429531273577495,-0.7255562
644,TIMM9,0.014299216378141829,-0.72925425
643,TAPBP,0.014413474392688374,-0.7852704
642,DEPP1,0.01442652800432719,-0.86592984
35,7SK-4,0.014474584893815208,1.0308927
641,TMED6,0.014474584893815208,-0.79412824
639,SYS1,0.014633359782823124,-0.894707
640,RNF216,0.014633359782823124,-0.74914616
638,PTPMT1,0.014633359782823124,-0.6229596
637,AC011497.2,0.01466515303791531,-0.45854443
636,RAP1B,0.014673032877357581,-0.84087586
635,ZNF664,0.014704948309572733,-0.6078313
634,GMPPB,0.01472214105084731,-0.77601516
633,VTI1B,0.014804325816295765,-0.71771395
632,ENOPH1,0.01481236169188294,-0.76946306
630,CPB1,0.01483849822829052,-1.5312228
629,PRPS1,0.01483849822829052,-0.6980686
631,KIF1B,0.01483849822829052,-0.69908535
628,AP1B1,0.014967090795211337,-0.6642861
627,ZNF252P,0.014967090795211337,-0.74733657
626,ARG2,0.014968592405540356,-0.624517
625,NME7,0.014968592405540356,-0.62804145
622,CREB3,0.015010504940496933,-0.8265041
623,OTUD6B-AS1,0.015010504940496933,-0.6417459
624,KAT5,0.015010504940496933,-0.78195864
621,PTGR1,0.015013247303003257,-0.83244216
620,GSN,0.015066920705620641,-0.76119024
619,CTSA,0.01521008115995517,-0.76491195
618,GTPBP1,0.015314207042580054,-0.70945215
617,HIF1A,0.015442175373866409,-0.88085175
616,AK3,0.01547021660827657,-0.77371305
615,TMBIM4,0.015477019112065666,-0.7026857
612,TFB2M,0.015670374080017906,-1.0180507
611,TMEM189,0.015670374080017906,-0.7872539
610,TSPYL4,0.015670374080017906,-0.7605197
609,DENR,0.015670374080017906,-0.65106374
614,SHTN1,0.015670374080017906,-0.7012886
613,TP53INP2,0.015670374080017906,-0.72779065
608,BCL2L13,0.01578545429881833,-0.80256826
607,CYB5R1,0.01586488934976854,-0.85321337
606,MESD,0.01586488934976854,-0.66459143
605,UBE2K,0.015916953875808944,-0.71505076
604,UFL1,0.015916953875808944,-0.73552996
603,OGT,0.016045783537676547,-0.69403523
602,PDE12,0.016125284218908492,-0.82109416
601,PSMF1,0.01613602067271466,-0.7072155
600,PLEKHF2,0.01613602067271466,-0.8381201
599,MAPK1,0.016139416884276215,-0.71342933
597,IGBP1,0.01624713017661477,-0.7403097
598,ZNF330,0.01624713017661477,-0.7526224
596,FH,0.016321564426199527,-0.79757744
595,UBA2,0.016326094631804896,-0.7133223
594,VPS37C,0.016326094631804896,-0.84075487
593,SLC39A8,0.016326094631804896,-1.3314166
592,USB1,0.01633330154435999,-0.828166
591,KYAT3,0.01633330154435999,-0.9449402
590,MARCH5,0.016424542179119494,-0.7702704
589,MACO1,0.016454792557846622,-0.7145842
588,MORF4L2,0.0164666833609649,-0.81892073
587,RPS3AP6,0.016564164856429062,-0.3222633
586,PRICKLE3,0.016564164856429062,-0.5099991
585,PPM1B,0.016564164856429062,-0.8211157
583,RNASEH2C,0.016646077341502082,-0.61594296
584,IGF1R,0.016646077341502082,-0.65994513
582,TIFA,0.016774174955051124,-1.0087966
581,CNOT4,0.016774174955051124,-0.65808403
580,CSNK2A1,0.016815628987341576,-0.67119265
578,MSMO1,0.01686120070785566,-0.80569947
579,PCMT1,0.01686120070785566,-0.80868256
577,IK,0.016881968011799676,-0.68747014
571,RPS19BP1,0.016938129957195576,-0.57679063
576,LNX1,0.016938129957195576,-0.7827043
573,TMEM70,0.016938129957195576,-0.7656792
575,PHLDB2,0.016938129957195576,-0.7832432
574,AC115223.1,0.016938129957195576,-0.44935906
572,AQR,0.016938129957195576,-0.7279008
570,COMMD2,0.017075068249504898,-0.7838943
569,USP9X,0.017240759467940913,-0.7018785
568,ZNF24,0.017352118091555492,-0.75664383
567,CELA2A,0.017352118091555492,-1.4932368
565,IFNGR1,0.01738678484317223,-0.75222766
564,URM1,0.01738678484317223,-0.7842326
566,C9orf78,0.01738678484317223,-0.721045
563,ATP6V1E1,0.017460325182778322,-0.7222425
562,TP53INP1,0.017460325182778322,-0.6586886
561,PLA2G1B,0.017577391580654248,-1.3045497
560,SF3A1,0.017621069439382193,-0.6120783
559,NR1D1,0.0176583251065615,-0.59682876
558,IFNGR2,0.01768533019597809,-0.75666994
557,FLII,0.01768533019597809,-0.71793216
36,AL645929.1,0.01768533019597809,0.6576645
556,MAGEF1,0.01769036835148878,-0.8207154
555,MRPS5,0.01769036835148878,-0.64177346
37,ATP5F1E,0.017762910979198493,0.11066772
554,ZC3H15,0.017765494830299128,-0.705255
553,SEC11C,0.017875785005793624,-0.88905096
551,PARM1,0.01795715548493473,-0.74072117
550,CNOT7,0.01795715548493473,-0.72622466
549,PPL,0.01795715548493473,-0.71747625
552,WASL,0.01795715548493473,-0.6849848
548,SLC39A14,0.01799311410127511,-0.78842187
38,RPLP1,0.018000314657480178,0.11963843
547,ARSA,0.018025291410984873,-0.6260299
545,MRPL13,0.018084306242925497,-0.745181
546,ANGEL1,0.018084306242925497,-0.8616231
544,SECISBP2L,0.018176437400457466,-0.66024816
543,CDKN2AIPNL,0.018284753588139854,-0.68911713
542,PKP2,0.01831244107900713,-0.80691564
541,CD2AP,0.018562426170540443,-0.68643636
540,CORO1C,0.01866832282242469,-0.76045436
539,SCAMP1,0.0187057746420129,-0.7045858
538,SYVN1,0.01899334180099455,-0.5575079
537,DDB1,0.01901276092205105,-0.70163053
536,TC2N,0.01904155671514256,-0.94773185
535,AP003392.3,0.0190876312042324,-0.5211333
534,TNFSF10,0.0190876312042324,-0.77415854
533,VPS4B,0.019149418334317832,-0.6912987
532,ACSBG1,0.019239666640454584,-0.7432881
531,SEC16A,0.01927217958493271,-0.6540606
530,GTF2H1,0.01927217958493271,-0.90319973
39,MIF-AS1,0.01935827293357905,0.3195425
529,CFAP36,0.019461398534573272,-0.6585712
528,SEC24C,0.019658574272900596,-0.7139989
527,ZDHHC6,0.01980430337952447,-0.9163431
526,VPS26C,0.01987781542051219,-0.806955
525,GNG12,0.01987781542051219,-0.75094867
524,PPP2R5D,0.01987781542051219,-0.92901146
523,SPINT1,0.019906806889443147,-0.71746105
522,TPST2,0.019906806889443147,-1.1805137
521,LEPROTL1,0.02004327937947354,-0.6789017
520,CRKL,0.02004327937947354,-0.80465406
519,ANKRD17,0.02020406850401849,-0.68615955
518,EFCAB14,0.02030161830787015,-0.70508826
516,PSMB7,0.020430756947901724,-0.80176663
517,DLGAP4,0.020430756947901724,-0.6193203
514,TWF1,0.020470777582951346,-0.70067555
515,P2RX4,0.020470777582951346,-0.7168768
513,CCDC86,0.02055207398433458,-0.6672809
512,GLRX5,0.02057849958890864,-0.68471897
511,SEC24D,0.02085611510436562,-0.72784984
510,ROCK1,0.02085611510436562,-0.6451492
509,FBXO9,0.020959706317764695,-0.6639563
508,PLAAT3,0.020959706317764695,-0.63919663
507,TIPRL,0.020959706317764695,-0.70156777
506,NUP54,0.021106923279380307,-0.7673732
505,MRPL35,0.02114183993644155,-0.88763726
504,RNF6,0.02125153075930871,-0.7719165
503,ABHD14B,0.02126604404921236,-0.80223745
499,SEC11A,0.021287383276652406,-0.76241547
501,UBE3A,0.021287383276652406,-0.67057556
502,TSPYL1,0.021287383276652406,-0.58606106
498,LMBR1,0.021287383276652406,-0.8357269
500,PPRC1,0.021287383276652406,-0.7249107
497,GMPPA,0.021322288210736177,-0.7830892
493,RGMB,0.021322288210736177,-1.0367824
494,SETD3,0.021322288210736177,-0.7116936
495,WDR45,0.021322288210736177,-0.70590544
496,PPP6R1,0.021322288210736177,-0.9032384
489,C1D,0.021324816238517657,-0.58192
491,DERL1,0.021324816238517657,-0.7432264
490,DARS,0.021324816238517657,-0.7060367
492,CD276,0.021324816238517657,-0.72992426
488,TPM3,0.021409688848575054,-0.84257203
486,ADAR,0.021455295877956648,-0.71293646
487,FBXW5,0.021455295877956648,-0.6546993
485,BLCAP,0.02148857611963491,-0.758384
484,PSENEN,0.02150319294770789,-0.53672326
483,PARP1,0.02150319294770789,-0.66625744
482,PUM3,0.021538769289150356,-0.63961256
481,TVP23B,0.021538769289150356,-0.66152745
480,ARHGEF12,0.021608868407714643,-0.6690583
479,PIGM,0.021668702780188242,-0.7171169
478,PRSS3P1,0.021718194141774432,-1.5326948
40,ELOB,0.021783612691001028,0.21432637
477,C3orf52,0.02180699378220587,-1.0229869
476,UBAP2,0.0218726950622571,-0.6817519
475,LYPLA2,0.02198637744363959,-0.71012276
474,HPN,0.022063269553886544,-0.8533964
473,THOC7,0.02212680983038715,-0.6078068
472,DSP,0.02212680983038715,-0.7989587
471,SUMO3,0.022131930871684295,-0.67608774
470,ECE1,0.02217453150814056,-0.6686388
469,MAF1,0.022203820723108284,-0.6841012
468,ALDH3A2,0.022303043019781168,-0.8232229
467,GGA2,0.022305595393229988,-0.7005577
466,LASP1,0.02234588554767558,-0.71579635
463,IBTK,0.02237804651116958,-0.68680215
464,ARL5A,0.02237804651116958,-0.62619746
465,RAB4A,0.02237804651116958,-0.6890702
462,CYB5A,0.022394223144763935,-0.7356687
461,NDEL1,0.02241854082859202,-0.7307195
460,CAPN1,0.022421391933043006,-0.6784745
459,MPI,0.022421391933043006,-0.75688607
458,POLR3H,0.022421391933043006,-0.5492222
455,ELOVL5,0.02247061739514457,-0.6479336
457,LTA4H,0.02247061739514457,-0.79428697
456,HP1BP3,0.02247061739514457,-0.5847914
454,LRRC59,0.02247061739514457,-0.6817585
451,RAB11FIP1,0.02253903728017692,-0.7406754
453,ARRDC4,0.02253903728017692,-0.76322055
452,DTNA,0.02253903728017692,-0.70811045
450,RAB5B,0.02265112523452185,-0.6708243
449,EIF3C,0.02265112523452185,-0.45926926
448,ERVK3-1,0.022684169020688236,-0.5962871
447,BLOC1S2,0.02272548006829548,-0.69904006
446,DPM1,0.02283895360565269,-0.68450457
445,CCDC25,0.02283895360565269,-0.652847
444,CUX1,0.02283895360565269,-0.61974365
441,C15orf61,0.02294760595547231,-0.55519426
443,GAA,0.02294760595547231,-0.6375659
442,NDRG1,0.02294760595547231,-0.72396284
439,B3GALNT2,0.02296655514220564,-0.66915834
438,EEF1A1P9,0.02296655514220564,-0.6342712
437,CNNM2,0.02296655514220564,-0.7059932
436,COX11,0.02296655514220564,-0.6445007
435,B4GALT1,0.02296655514220564,-0.8143431
434,CIZ1,0.02296655514220564,-0.84345466
433,YIF1A,0.02296655514220564,-0.66165274
432,TNS3,0.02296655514220564,-0.66234833
440,ARFIP1,0.02296655514220564,-0.76928747
431,C1orf43,0.023208424039371806,-0.797981
430,HMGXB3,0.023217486383257754,-0.72832435
429,FUBP1,0.023352318973662602,-0.61735094
428,ABCD3,0.02337268106106035,-0.6958272
427,COG3,0.023427559641614356,-0.6711554
426,MTDH,0.023427559641614356,-0.627722
422,RWDD4,0.02347312416307342,-0.7116719
424,LAMP2,0.02347312416307342,-0.809842
425,MAL2,0.02347312416307342,-0.70787
423,GLOD4,0.02347312416307342,-0.66751295
421,AC091180.3,0.023482472642140078,-0.51482797
420,NME1,0.023565146621901265,-0.6147218
417,FNBP4,0.02376645623220384,-0.6811038
418,TTC8,0.02376645623220384,-0.7866503
419,BET1L,0.02376645623220384,-0.64515394
416,ADSL,0.023770316764073183,-0.67984045
414,TSTD2,0.023955162867129204,-0.7208653
415,LMF2,0.023955162867129204,-0.6699299
413,TUBB4B,0.023987783230770273,-0.7394474
411,EIF4A1,0.02400436159736815,-0.4066529
412,CFL2,0.02400436159736815,-0.77188456
410,SNRNP27,0.024042853526530628,-0.64175636
409,PGM3,0.024113105413936606,-0.719715
408,REEP5,0.0242385261861188,-0.8302911
407,EEF1D,0.024265816630075817,-0.7257017
406,MFSD6,0.02436579569118417,-0.8451744
405,HMGCR,0.02437869582178746,-0.7199325
404,PTBP3,0.024394536495003456,-0.64491564
403,CEL,0.024524300361076085,-1.6084503
402,MXD3,0.02456935405663113,-0.5142765
401,SYNGR2,0.02456935405663113,-0.7921825
400,EEF1A1P5,0.02456935405663113,-0.25405118
399,MOB4,0.024588342543098808,-0.5954933
398,ABRACL,0.02486689662612038,-0.9646982
397,PSMC3,0.02488908881102199,-0.71635705
394,CUZD1,0.024902445601603134,-1.4888916
395,CDK5RAP1,0.024902445601603134,-0.9227698
396,BUB3,0.024902445601603134,-0.710766
393,PCNP,0.025217302719085462,-0.6108359
392,SPPL2B,0.025221857017635844,-0.643707
389,FBXO7,0.02596594545083016,-0.7890701
391,PPP1R2,0.02596594545083016,-0.6513115
390,TCEAL8,0.02596594545083016,-0.6682361
387,TOMM5,0.026000099767758054,-0.60228586
388,ZNF770,0.026000099767758054,-0.8697924
386,PRPF40A,0.026413922761656303,-0.7030889
41,TIMP1,0.026413922761656303,0.49054518
42,CALM2,0.02650662706816648,0.05953794
385,LRRC58,0.026511525915168074,-0.74160016
384,WASF2,0.026545236957470138,-0.6912419
383,SLC25A24,0.026545236957470138,-0.7085358
382,CLSTN1,0.026545236957470138,-0.6030039
381,CTRB1,0.02658673868736492,-1.2373044
380,CSNK1A1,0.02658673868736492,-0.6782369
379,PTPN3,0.02659179122719083,-0.6718373
377,PEX10,0.026747260233641632,-0.89084625
378,FDPS,0.026747260233641632,-0.70125294
376,AIFM1,0.02679994413026376,-0.80439097
375,TBC1D15,0.026874993810091133,-0.7834537
374,CLPS,0.02688019825987973,-1.3053894
373,TMX4,0.026912957849325986,-0.6486698
372,LSM4,0.026912957849325986,-0.6438594
371,NELFE,0.026930977409644136,-0.6891742
370,SAR1B,0.027003262090624484,-0.6760697
369,SERPINI2,0.027120587849614134,-1.5692482
368,SERINC1,0.027209443388463945,-0.7713477
367,POFUT1,0.027259908547714005,-1.1416707
366,AL008726.1,0.027358907569645957,-0.61444134
365,PGD,0.02736115251525454,-0.73943025
364,FAM3A,0.027587230057654597,-0.78472644
363,ARPC5L,0.027618843227749653,-0.6154403
362,RRP12,0.027853466984083187,-0.655205
361,ILF2,0.02795781134656864,-0.78541195
360,FURIN,0.027983263571795265,-0.55138415
359,GLO1,0.028204145796730144,-0.6467316
358,SNX19,0.02828974342107656,-0.695557
357,FPGS,0.028465926488566443,-0.68988925
355,PGK1,0.028659114658298138,-0.87374645
356,SLC35F6,0.028659114658298138,-0.5928224
353,IDH3A,0.028677685216156715,-0.76455575
354,C4orf3,0.028677685216156715,-0.71829206
352,SLC25A32,0.028941064977150634,-0.7152928
351,C11orf24,0.028970895103509857,-0.7310568
350,RABGGTB,0.02903486680072614,-0.64505
349,SEC13,0.029054585982923643,-0.7086909
348,PDPK1,0.02907363481197948,-0.60185957
347,ITFG1,0.02907363481197948,-0.68564975
346,EIF3E,0.029134472005830008,-0.7674059
345,TUBG1,0.029140653649413574,-0.71573585
344,UHRF1BP1L,0.02916055112745809,-0.75408286
343,MRPS35,0.029171942096308613,-0.72139555
342,PDAP1,0.029171942096308613,-0.55850506
341,CPNE1,0.029171942096308613,-0.6328377
340,FAM92A,0.029171942096308613,-0.7486841
339,YIPF3,0.029484504404704973,-0.7018392
338,CLGN,0.03003143037339621,-0.94214505
337,C5orf15,0.03016479511246025,-0.6916784
336,TOR1AIP2,0.030277451813155193,-0.5639281
335,DUSP12,0.03030481622399519,-0.76815
334,EMC3,0.03030481622399519,-0.70157653
43,FTL,0.030414444830297906,-0.04177021
333,CCT6A,0.03058832426335499,-0.74068284
332,TEX261,0.03058832426335499,-0.78079486
331,CHTF8,0.030602224220019028,-0.68252116
330,RAB18,0.03061222078227788,-0.77513164
329,SF1,0.03061222078227788,-0.6430386
328,CUL1,0.03073373762377351,-0.6041655
327,TADA3,0.03075856397375347,-0.6615459
326,PRKRA,0.030779835996608437,-0.6962111
323,RIOK3,0.03080787833710097,-0.6734657
324,COG8,0.03080787833710097,-0.5876147
325,GTF3C1,0.03080787833710097,-0.69285357
322,TRPC4AP,0.03084727537931667,-0.6435595
321,CBWD1,0.030886739139324493,-0.47543195
320,ENTPD3,0.030958768652517107,-1.0249586
319,RNF138,0.03098021977061322,-0.71436256
318,RNPS1,0.03098021977061322,-0.73787564
316,EIF4A1P10,0.031048826494546905,-0.4872204
317,SMCHD1,0.031048826494546905,-0.7800131
313,JAZF1,0.031175771401878168,-0.8477014
314,FBXO32,0.031175771401878168,-0.91377425
315,CHPF2,0.031175771401878168,-0.63593686
312,PYURF,0.03125585493760522,-0.7954038
311,CPSF6,0.031277772093278325,-0.6921273
309,SPRTN,0.03135092297016756,-1.0500168
310,RNF26,0.03135092297016756,-0.84954023
308,SMARCAD1,0.03139490138026206,-0.81039226
307,SGMS1,0.03151226553336623,-0.77438295
306,UMAD1,0.03163004593137637,-0.9589201
305,MYBBP1A,0.03164127342917574,-0.75649506
304,SMIM15,0.03167463840897448,-0.71269894
303,DEGS1,0.031689613730800203,-0.72020197
302,CYREN,0.03187473286186242,-0.764247
301,LRRC8C-DT,0.03191580152254542,-1.0510201
298,SLC35B2,0.03193159047344426,-0.6290935
299,ARF6,0.03193159047344426,-0.6208999
300,BNIP3L,0.03193159047344426,-0.6651545
296,ARIH2,0.03193605416674766,-0.6085653
297,BNIP3P1,0.03193605416674766,-0.54914826
295,VPS51,0.03200707190858098,-0.5889479
294,PSMD1,0.03204566066325856,-0.672481
293,ATP1A1-AS1,0.03204566066325856,-0.5272305
292,ALG1,0.03204566066325856,-0.75811034
44,FTH1,0.03204989026972713,-0.029884873
291,BABAM1,0.03210631558087975,-0.6031445
290,PCGF5,0.03227133891457168,-0.63704693
289,SCYL1,0.03228314987263892,-0.65957355
287,BTF3L4,0.032321856451898265,-0.6522342
288,FAM49B,0.032321856451898265,-0.6808573
286,SNHG29,0.0325181139358259,-0.6928984
285,KLK1,0.032571621023913165,-1.4667826
283,SHMT2,0.03257750884110796,-0.80279565
284,RACK1,0.03257750884110796,-0.53972584
282,DIS3L2,0.03257750884110796,-0.9014065
281,ORMDL1,0.032597154556728854,-0.68883324
280,MGST2,0.03263574597254613,-0.5869098
279,TMX2,0.03299861438806549,-0.73089695
278,C1QBP,0.03299861438806549,-0.8398102
277,ZNF639,0.03316501787129979,-0.9676518
276,PROSER1,0.03316501787129979,-0.7983387
275,RCN1,0.03320430634909307,-0.63642555
274,DPP7,0.033228271810592125,-0.5643794
273,LIPA,0.03329077532163047,-0.77572894
266,VAMP8,0.033561847405319686,-0.6475967
272,LTBR,0.033561847405319686,-0.6404113
271,DNAJA3,0.033561847405319686,-0.7826426
270,CDK16,0.033561847405319686,-0.58789414
267,ACADVL,0.033561847405319686,-0.7366155
269,ACTR1B,0.033561847405319686,-0.60436016
268,TSEN34,0.033561847405319686,-0.66847265
265,SLC37A4,0.033561847405319686,-0.7311883
264,USP14,0.03359014316744362,-0.67784774
263,AARS,0.03380542620662524,-0.7893991
262,RNF114,0.03383394211927209,-0.6810141
261,GTPBP4,0.03416877899771796,-0.65662307
257,CRCP,0.03423690785935167,-0.69640386
258,SERINC3,0.03423690785935167,-0.6643302
259,ERG28,0.03423690785935167,-0.6715046
260,MFSD5,0.03423690785935167,-0.8378211
256,FOXJ3,0.03430145704962291,-0.56482995
253,ABHD10,0.0343451019142577,-0.70222646
254,PHC3,0.0343451019142577,-0.60518
255,FAM8A1,0.0343451019142577,-0.89245105
251,ETFB,0.03457830395428185,-0.5437216
252,BAG6,0.03457830395428185,-0.49579024
250,TMEM25,0.03460366333690159,-0.80194896
248,TMEM64,0.0347904571421804,-1.0130762
249,PHC1,0.0347904571421804,-0.6225669
247,VCL,0.03489627216131347,-0.6481014
246,MICU1,0.034905845064184746,-0.6505699
245,TMEM127,0.03493152176554391,-0.7467438
244,IRAK1,0.03495723744301017,-0.8246289
243,RLIM,0.03496287114619717,-0.67294925
242,TMEM123,0.03498865237531836,-0.7024124
240,ITPR3,0.0350887298365129,-0.83390975
241,NUP98,0.0350887298365129,-0.6766587
239,TXNDC11,0.035098508520419465,-0.6717276
238,EIF2AK1,0.035160834494806815,-0.64041847
237,FDFT1,0.03523948016122869,-0.7207226
235,MRPL24,0.03529575705311312,-0.6837894
236,MBP,0.03529575705311312,-0.6513128
234,SLC9A3R1,0.03541133127525819,-0.6223682
233,HOMER2,0.0354335269146745,-0.6880436
232,RPS3AP26,0.03545575721807248,-0.33767685
231,ATP6AP1,0.035473947585865855,-0.72361976
230,ALAS1,0.03556560815949925,-0.73076487
228,EIF2B4,0.035575596175281554,-0.7586288
227,ADD3,0.035575596175281554,-0.7617301
229,GRB2,0.035575596175281554,-0.6224642
226,EPHX1,0.03582755160884542,-0.50003546
224,TMEM106C,0.03592219019809592,-0.7359175
225,TMBIM1,0.03592219019809592,-0.69995296
223,ORC4,0.03595312778200998,-0.7618863
220,IPO13,0.03595540830708221,-1.1353825
221,TPD52L2,0.03595540830708221,-0.71210337
222,TMEM109,0.03595540830708221,-0.64932173
219,AL354714.2,0.036081466602974316,-0.82023865
217,SDHC,0.036193580126194835,-0.6577415
218,USP36,0.036193580126194835,-0.5757407
215,TMEM115,0.03620640805890923,-0.6699304
216,LGALS8,0.03620640805890923,-0.6824138
214,BTD,0.03633334649590413,-0.60362357
213,MAP2K3,0.03674558585323241,-0.69894224
210,NAP1L4,0.036879040890690544,-0.58430094
211,AMPD2,0.036879040890690544,-0.7150917
212,NET1,0.036879040890690544,-0.5838114
209,SBDS,0.036900784001255835,-0.8026028
208,POM121C,0.036900784001255835,-0.5237831
207,NRBF2,0.03719972286768799,-0.7340265
206,DPF2,0.03725751782214845,-0.6642659
205,PAFAH1B1,0.03740930028104644,-0.51707256
204,LONP2,0.03744603873422573,-0.6049917
203,VRK3,0.03756851667719288,-0.8526238
202,KLHDC2,0.03757110942760086,-0.63671154
201,SELENOF,0.03759517658266804,-0.8462082
200,NELFCD,0.03781725478275319,-0.6981427
198,SMAD4,0.037848507014022904,-0.74670696
199,RPL7AP6,0.037848507014022904,-0.33529672
197,CS,0.0380502886326548,-0.6189546
196,SC5D,0.03821820562427231,-0.72701806
195,YARS,0.038286355715998574,-0.6740016
194,NSUN2,0.03829350996103841,-0.73723376
193,KATNBL1,0.03842304206424183,-0.7281662
191,IAPP,0.0384243742378685,-1.1558999
192,PSMD3,0.0384243742378685,-0.61284167
189,MAX,0.038443310607428303,-0.6879465
190,ERGIC2,0.038443310607428303,-0.6566466
188,AP001107.1,0.03850319415682065,-0.52604026
187,PSD3,0.038586747833451895,-0.8494796
186,CELA2B,0.038586747833451895,-1.7397934
185,AC009133.1,0.038586747833451895,-0.63021654
184,SPATA13,0.038777693987737644,-0.5663501
183,AMY2B,0.038777693987737644,-1.2093225
182,AC008038.1,0.03881608577220713,-0.4501348
181,MAK16,0.03892085863752048,-0.7531086
180,SLBP,0.03903669965323842,-0.71199834
179,KRAS,0.03903669965323842,-0.651477
178,EI24,0.03903669965323842,-0.71466476
177,MAPK6,0.03925665507609592,-0.64645046
176,MYH9,0.03925665507609592,-0.6203892
175,CDC37,0.03938825833409235,-0.5838225
174,BFAR,0.03938825833409235,-0.66737217
173,GNPAT,0.03941842061338719,-0.72092175
172,FAM120A,0.03957419695690837,-0.6326338
171,TMF1,0.03958994795322217,-0.6348043
170,AC040162.1,0.03958994795322217,-1.1480689
169,NUDT15,0.039624827298646234,-0.7574294
168,HACD2,0.03973877061102813,-0.84999615
167,RNF40,0.03973877061102813,-0.72669715
166,C4orf19,0.03973877061102813,-1.0666716
165,YWHAQ,0.0398144632862309,-0.8424027
164,ZDHHC4,0.039917445924543174,-0.6921213
162,EIF5AL1,0.040124185421420024,-0.6342185
163,SPEN,0.040124185421420024,-0.54942906
161,FBL,0.040337440926829,-0.5523246
160,PRELID1,0.04045545160274214,-0.821183
159,HNRNPH3,0.04053248024267526,-0.62677646
158,PDP1,0.04087239822307729,-0.8637511
157,AC090617.3,0.040964069297482454,-0.47971377
156,SAYSD1,0.04113957445572951,-0.9830569
155,POLR3E,0.0411526735806926,-0.6834772
154,COMT,0.041249626767450906,-0.61498606
152,INSIG2,0.04131255753260028,-0.80300397
153,CLTA,0.04131255753260028,-0.76632476
151,AL136454.1,0.04131255753260028,-0.4614613
150,ATP1A1,0.04160209134823862,-0.6829245
149,APMAP,0.04165304439342207,-0.6677173
148,MPZL1,0.04177473498933682,-0.7005289
147,MAP2,0.0417834611813475,-0.6823603
146,AC130304.1,0.041848836392613525,-0.5705804
145,CHROMR,0.04186706676023736,-0.6010557
144,UBQLN2,0.04192314122080017,-0.71003324
143,STAT3,0.041979303132541154,-0.6699271
45,SKP1,0.04198344430302775,0.07027704
142,STUB1,0.04206342621902408,-0.52691233
141,SLF2,0.04224343314576568,-0.7282387
140,WDR41,0.04225241782467396,-0.8041227
138,USO1,0.042378798657437544,-0.63876086
135,RAB22A,0.042378798657437544,-0.6531108
136,TLE1,0.042378798657437544,-0.6697999
137,RPL10P16,0.042378798657437544,-0.4626147
139,THEM6,0.042378798657437544,-0.7716177
133,CREBL2,0.042530646472496866,-0.8351407
134,GRHPR,0.042530646472496866,-0.6142005
132,DCAF11,0.042530646472496866,-0.71018696
131,FAM162A,0.04254946856281314,-0.60872775
130,ERCC3,0.042640248082531536,-0.6054689
129,PIGH,0.04281756783388668,-0.76529247
128,NCLN,0.04281756783388668,-0.5875671
127,ACAD11,0.042864728306432114,-1.3094043
126,STT3B,0.042864728306432114,-0.65227747
125,UBE2Z,0.042864728306432114,-0.72931355
124,TANK,0.042864728306432114,-0.67812634
123,AL161665.1,0.042864728306432114,-0.70973665
122,BHLHE41,0.04292729622388435,-0.8134927
121,ING3,0.04298030143266299,-0.6436386
120,PIGA,0.04305273620674253,-0.79014724
118,SRSF4,0.043202844878035836,-0.6457416
119,DPP8,0.043202844878035836,-0.73432404
117,PTK7,0.04348027812900794,-0.89613
116,FLOT2,0.04374461485088385,-0.6320936
115,GLT8D1,0.04388225085507696,-0.7818701
114,CASC3,0.04390194960539443,-0.6414061
113,EXOC7,0.04413894586144538,-0.68335634
112,HEATR5B,0.04413898347145668,-0.6546726
111,ZC3H13,0.04414399486571059,-0.57851076
109,NFIC,0.044169078640655716,-0.47124287
110,FAM107B,0.044169078640655716,-0.6422091
46,AC112491.1,0.044169078640655716,0.33860275
108,SELENOTP1,0.04436269625322398,-0.46585184
107,SH3BP4,0.04437281183412318,-0.84183186
106,PELO,0.04444265337043658,-0.6799895
104,JMJD1C,0.04463263527250127,-0.63816446
105,AC009078.2,0.04463263527250127,-1.2143267
103,MTCH2,0.04472292050120931,-0.6890891
102,HNRNPA1,0.04475825266333924,-0.5553826
101,BOLA3,0.044868881628891286,-0.51903325
100,LSM1,0.04503515441481064,-0.6114134
99,ZDHHC9,0.045414741376045155,-0.6874845
98,EXT2,0.04544046878796806,-0.7026733
97,NT5DC1,0.04582318193554063,-0.75961334
96,CCDC7,0.045854265487837984,-0.40968436
95,ALG3,0.0459161403047972,-0.69226635
94,PSMD10,0.046004215795707334,-0.62750524
93,APP,0.046004215795707334,-0.58652997
92,B3GAT3,0.046117770582715184,-0.63467014
91,RMND5B,0.04620581261304617,-0.49702018
90,ME1,0.04645487557151368,-1.1607327
89,GABARAPL1,0.04645487557151368,-0.6338926
88,ALCAM,0.04701795829908798,-0.57163286
85,SMIM19,0.04713498614754845,-0.6010547
86,TCTN3,0.04713498614754845,-0.724295
87,DUSP26,0.04713498614754845,-0.76837146
84,PIGC,0.04718810510024984,-0.74840295
82,SUGP2,0.04720515348696901,-0.6617874
83,SUMF1,0.04720515348696901,-0.8023135
81,FKBP1A,0.04784561445612208,-0.7976961
80,NPC1,0.04787289706412657,-0.5914303
79,SDHA,0.0481190099595808,-0.58869624
78,VAPB,0.04814111810054486,-0.69028765
77,AMFR,0.04817931574316024,-0.7077206
76,ZNF32,0.04818613507632911,-0.77832055
75,APPL2,0.04818613507632911,-0.6835304
70,SZRD1,0.04818613507632911,-0.6021423
71,RPL4,0.04818613507632911,-0.6889781
72,CDS2,0.04818613507632911,-0.6862368
73,AGBL5,0.04818613507632911,-0.6541754
74,CHMP1A,0.04818613507632911,-0.62345994
47,ROMO1,0.04818613507632911,0.2067964
69,RCN1P2,0.048245996851634006,-0.48727253
68,CENPC,0.04885582088915912,-0.5113846
65,DNASE2,0.048919569158508494,-0.7173598
66,GSTM4,0.048919569158508494,-0.8763787
67,NDUFA8,0.048919569158508494,-0.5645369
64,TAF9B,0.048919569158508494,-0.7447902
62,TSPAN6,0.049053242934135405,-0.8353946
61,ENPP2,0.049053242934135405,-0.6737016
63,ATP8B1,0.049053242934135405,-1.0416653
60,TASOR2,0.049059841407757876,-0.7282323
48,HIST1H4C,0.049120869643483,0.13419528
49,WDR83OS,0.04914930138174241,0.40285987
57,POLD2,0.049311223917053046,-0.56769127
58,NSUN3,0.049311223917053046,-0.9200062
59,AC034193.1,0.049311223917053046,-1.0935771
56,SF3B4,0.049427334649925825,-0.57512826
55,NDST1,0.04955467843562368,-0.7070962
54,NRAS,0.04958345862830436,-0.7232026
53,YLPM1,0.04964523040061585,-0.5570809
52,GAPDHP65,0.04965761376449842,-0.451457
50,WIPI2,0.0498917455512869,-0.70618004
51,F11R,0.0498917455512869,-0.542788
